temperature,pressure,altitude,numberDensity
0.1650024E+003, 0.9845630E-003, 0.1501088E+03, 0.4321855E+017
0.1650020E+003, 0.9754284E-003, 0.1503263E+03, 0.4281767E+017
0.1650016E+003, 0.9663956E-003, 0.1505438E+03, 0.4242128E+017
0.1650012E+003, 0.9574627E-003, 0.1507614E+03, 0.4202924E+017
0.1650010E+003, 0.9486279E-003, 0.1509789E+03, 0.4164149E+017
0.1650008E+003, 0.9398893E-003, 0.1511964E+03, 0.4125795E+017
0.1650005E+003, 0.9312455E-003, 0.1514140E+03, 0.4087857E+017
0.1650004E+003, 0.9226946E-003, 0.1516315E+03, 0.4050326E+017
0.1650002E+003, 0.9142353E-003, 0.1518490E+03, 0.4013196E+017
0.1650001E+003, 0.9058660E-003, 0.1520666E+03, 0.3976461E+017
0.1650000E+003, 0.8975853E-003, 0.1522841E+03, 0.3940113E+017
0.1649999E+003, 0.8893918E-003, 0.1525016E+03, 0.3904149E+017
0.1649998E+003, 0.8812842E-003, 0.1527192E+03, 0.3868560E+017
0.1649998E+003, 0.8732612E-003, 0.1529367E+03, 0.3833343E+017
0.1649998E+003, 0.8653215E-003, 0.1531542E+03, 0.3798491E+017
0.1649997E+003, 0.8574640E-003, 0.1533718E+03, 0.3764000E+017
0.1649997E+003, 0.8496875E-003, 0.1535893E+03, 0.3729864E+017
0.1649997E+003, 0.8419909E-003, 0.1538068E+03, 0.3696078E+017
0.1649997E+003, 0.8343730E-003, 0.1540244E+03, 0.3662639E+017
0.1649997E+003, 0.8268328E-003, 0.1542419E+03, 0.3629540E+017
0.1649996E+003, 0.8193692E-003, 0.1544594E+03, 0.3596777E+017
0.1649996E+003, 0.8119813E-003, 0.1546770E+03, 0.3564346E+017
0.1649997E+003, 0.8046680E-003, 0.1548945E+03, 0.3532243E+017
0.1649997E+003, 0.7974283E-003, 0.1551120E+03, 0.3500463E+017
0.1649997E+003, 0.7902614E-003, 0.1553296E+03, 0.3469002E+017
0.1649997E+003, 0.7831663E-003, 0.1555471E+03, 0.3437857E+017
0.1649997E+003, 0.7761420E-003, 0.1557646E+03, 0.3407022E+017
0.1649997E+003, 0.7691878E-003, 0.1559822E+03, 0.3376495E+017
0.1649997E+003, 0.7623027E-003, 0.1561997E+03, 0.3346272E+017
0.1649997E+003, 0.7554859E-003, 0.1564172E+03, 0.3316348E+017
0.1649997E+003, 0.7487366E-003, 0.1566348E+03, 0.3286720E+017
0.1649997E+003, 0.7420539E-003, 0.1568523E+03, 0.3257385E+017
0.1649997E+003, 0.7354371E-003, 0.1570698E+03, 0.3228339E+017
0.1649997E+003, 0.7288853E-003, 0.1572874E+03, 0.3199579E+017
0.1649997E+003, 0.7223979E-003, 0.1575049E+03, 0.3171101E+017
0.1649998E+003, 0.7159740E-003, 0.1577224E+03, 0.3142902E+017
0.1649998E+003, 0.7096129E-003, 0.1579400E+03, 0.3114978E+017
0.1649998E+003, 0.7033139E-003, 0.1581575E+03, 0.3087327E+017
0.1649998E+003, 0.6970763E-003, 0.1583750E+03, 0.3059945E+017
0.1649999E+003, 0.6908993E-003, 0.1585926E+03, 0.3032830E+017
0.1649999E+003, 0.6847823E-003, 0.1588101E+03, 0.3005977E+017
0.1650000E+003, 0.6787246E-003, 0.1590276E+03, 0.2979385E+017
0.1650000E+003, 0.6727254E-003, 0.1592452E+03, 0.2953049E+017
0.1650001E+003, 0.6667843E-003, 0.1594627E+03, 0.2926968E+017
0.1650002E+003, 0.6609004E-003, 0.1596802E+03, 0.2901138E+017
0.1650004E+003, 0.6550732E-003, 0.1598978E+03, 0.2875556E+017
0.1650005E+003, 0.6493021E-003, 0.1601153E+03, 0.2850220E+017
0.1650007E+003, 0.6435282E-003, 0.1603351E+03, 0.2824872E+017
0.1650009E+003, 0.6377521E-003, 0.1605571E+03, 0.2799513E+017
0.1650011E+003, 0.6319743E-003, 0.1607813E+03, 0.2774147E+017
0.1650013E+003, 0.6261952E-003, 0.1610079E+03, 0.2748775E+017
0.1650016E+003, 0.6204155E-003, 0.1612368E+03, 0.2723400E+017
0.1650018E+003, 0.6146355E-003, 0.1614680E+03, 0.2698024E+017
0.1650021E+003, 0.6088558E-003, 0.1617016E+03, 0.2672648E+017
0.1650024E+003, 0.6030770E-003, 0.1619375E+03, 0.2647277E+017
0.1650027E+003, 0.5972995E-003, 0.1621759E+03, 0.2621911E+017
0.1650030E+003, 0.5915238E-003, 0.1624167E+03, 0.2596553E+017
0.1650033E+003, 0.5857506E-003, 0.1626600E+03, 0.2571206E+017
0.1650036E+003, 0.5799802E-003, 0.1629058E+03, 0.2545872E+017
0.1650039E+003, 0.5742134E-003, 0.1631540E+03, 0.2520554E+017
0.1650041E+003, 0.5684506E-003, 0.1634048E+03, 0.2495254E+017
0.1650044E+003, 0.5626923E-003, 0.1636582E+03, 0.2469974E+017
0.1650047E+003, 0.5569392E-003, 0.1639141E+03, 0.2444716E+017
0.1650050E+003, 0.5511917E-003, 0.1641727E+03, 0.2419483E+017
0.1650054E+003, 0.5454505E-003, 0.1644339E+03, 0.2394275E+017
0.1650062E+003, 0.5397160E-003, 0.1646978E+03, 0.2369092E+017
0.1650077E+003, 0.5339890E-003, 0.1649644E+03, 0.2343932E+017
0.1650107E+003, 0.5282700E-003, 0.1652337E+03, 0.2318786E+017
0.1650164E+003, 0.5225596E-003, 0.1655057E+03, 0.2293642E+017
0.1650256E+003, 0.5168585E-003, 0.1657806E+03, 0.2268492E+017
0.1650405E+003, 0.5111675E-003, 0.1660582E+03, 0.2243311E+017
0.1650612E+003, 0.5054873E-003, 0.1663387E+03, 0.2218106E+017
0.1650865E+003, 0.4998186E-003, 0.1666220E+03, 0.2192894E+017
0.1651139E+003, 0.4941622E-003, 0.1669083E+03, 0.2167718E+017
0.1651418E+003, 0.4885187E-003, 0.1671974E+03, 0.2142600E+017
0.1651662E+003, 0.4828886E-003, 0.1674896E+03, 0.2117594E+017
0.1651859E+003, 0.4772723E-003, 0.1677847E+03, 0.2092715E+017
0.1652004E+003, 0.4716702E-003, 0.1680828E+03, 0.2067970E+017
0.1652098E+003, 0.4660828E-003, 0.1683840E+03, 0.2043356E+017
0.1652136E+003, 0.4605104E-003, 0.1686882E+03, 0.2018880E+017
0.1652132E+003, 0.4549534E-003, 0.1689955E+03, 0.1994522E+017
0.1652097E+003, 0.4494124E-003, 0.1693060E+03, 0.1970273E+017
0.1652040E+003, 0.4438877E-003, 0.1696197E+03, 0.1946119E+017
0.1651969E+003, 0.4383801E-003, 0.1699366E+03, 0.1922055E+017
0.1651886E+003, 0.4328899E-003, 0.1702567E+03, 0.1898079E+017
0.1651796E+003, 0.4274178E-003, 0.1705801E+03, 0.1874187E+017
0.1651703E+003, 0.4219643E-003, 0.1709067E+03, 0.1850379E+017
0.1651608E+003, 0.4165301E-003, 0.1712368E+03, 0.1826654E+017
0.1651513E+003, 0.4111157E-003, 0.1715701E+03, 0.1803013E+017
0.1651419E+003, 0.4057217E-003, 0.1719069E+03, 0.1779458E+017
0.1651328E+003, 0.4003487E-003, 0.1722472E+03, 0.1755990E+017
0.1651239E+003, 0.3949973E-003, 0.1725909E+03, 0.1732611E+017
0.1651153E+003, 0.3896681E-003, 0.1729381E+03, 0.1709324E+017
0.1651071E+003, 0.3843617E-003, 0.1732889E+03, 0.1686130E+017
0.1650993E+003, 0.3790786E-003, 0.1736433E+03, 0.1663034E+017
0.1650918E+003, 0.3738196E-003, 0.1740012E+03, 0.1640036E+017
0.1650848E+003, 0.3685851E-003, 0.1743629E+03, 0.1617140E+017
0.1650781E+003, 0.3633758E-003, 0.1747282E+03, 0.1594349E+017
0.1650718E+003, 0.3581922E-003, 0.1750973E+03, 0.1571665E+017
0.1650659E+003, 0.3530348E-003, 0.1754701E+03, 0.1549091E+017
0.1650604E+003, 0.3479044E-003, 0.1758467E+03, 0.1526630E+017
0.1650553E+003, 0.3428014E-003, 0.1762272E+03, 0.1504284E+017
0.1650505E+003, 0.3377264E-003, 0.1766116E+03, 0.1482057E+017
0.1650461E+003, 0.3326799E-003, 0.1769999E+03, 0.1459951E+017
0.1650420E+003, 0.3276626E-003, 0.1773922E+03, 0.1437968E+017
0.1650382E+003, 0.3226749E-003, 0.1777885E+03, 0.1416112E+017
0.1650347E+003, 0.3177174E-003, 0.1781888E+03, 0.1394385E+017
0.1650314E+003, 0.3127906E-003, 0.1785932E+03, 0.1372789E+017
0.1650285E+003, 0.3078951E-003, 0.1790018E+03, 0.1351328E+017
0.1650258E+003, 0.3030313E-003, 0.1794145E+03, 0.1330003E+017
0.1650233E+003, 0.2981998E-003, 0.1798315E+03, 0.1308817E+017
0.1650210E+003, 0.2934010E-003, 0.1802527E+03, 0.1287773E+017
0.1650189E+003, 0.2886356E-003, 0.1806782E+03, 0.1266873E+017
0.1650170E+003, 0.2839039E-003, 0.1811081E+03, 0.1246119E+017
0.1650153E+003, 0.2792064E-003, 0.1815423E+03, 0.1225513E+017
0.1650137E+003, 0.2745437E-003, 0.1819810E+03, 0.1205059E+017
0.1650123E+003, 0.2699161E-003, 0.1824242E+03, 0.1184757E+017
0.1650110E+003, 0.2653242E-003, 0.1828719E+03, 0.1164611E+017
0.1650099E+003, 0.2607684E-003, 0.1833241E+03, 0.1144621E+017
0.1650089E+003, 0.2562490E-003, 0.1837810E+03, 0.1124791E+017
0.1650079E+003, 0.2517667E-003, 0.1842426E+03, 0.1105122E+017
0.1650071E+003, 0.2473217E-003, 0.1847089E+03, 0.1085617E+017
0.1650063E+003, 0.2429145E-003, 0.1851799E+03, 0.1066276E+017
0.1650057E+003, 0.2385455E-003, 0.1856558E+03, 0.1047103E+017
0.1650051E+003, 0.2342151E-003, 0.1861365E+03, 0.1028098E+017
0.1650046E+003, 0.2299236E-003, 0.1866221E+03, 0.1009263E+017
0.1650041E+003, 0.2256714E-003, 0.1871127E+03, 0.9906011E+016
0.1650037E+003, 0.2214590E-003, 0.1876083E+03, 0.9721127E+016
0.1650033E+003, 0.2172866E-003, 0.1881090E+03, 0.9537997E+016
0.1650030E+003, 0.2131546E-003, 0.1886148E+03, 0.9356637E+016
0.1650027E+003, 0.2090633E-003, 0.1891257E+03, 0.9177061E+016
0.1650024E+003, 0.2050130E-003, 0.1896419E+03, 0.8999284E+016
0.1650022E+003, 0.2010041E-003, 0.1901634E+03, 0.8823320E+016
0.1650020E+003, 0.1970368E-003, 0.1906901E+03, 0.8649181E+016
0.1650018E+003, 0.1931114E-003, 0.1912223E+03, 0.8476881E+016
0.1650017E+003, 0.1892282E-003, 0.1917599E+03, 0.8306432E+016
0.1650015E+003, 0.1853875E-003, 0.1923030E+03, 0.8137846E+016
0.1650014E+003, 0.1815895E-003, 0.1928516E+03, 0.7971133E+016
0.1650013E+003, 0.1778345E-003, 0.1934058E+03, 0.7806305E+016
0.1650012E+003, 0.1741226E-003, 0.1939657E+03, 0.7643370E+016
0.1650011E+003, 0.1704541E-003, 0.1945314E+03, 0.7482340E+016
0.1650011E+003, 0.1668292E-003, 0.1951028E+03, 0.7323222E+016
0.1650010E+003, 0.1632481E-003, 0.1956800E+03, 0.7166026E+016
0.1650010E+003, 0.1597109E-003, 0.1962632E+03, 0.7010758E+016
0.1650009E+003, 0.1562178E-003, 0.1968523E+03, 0.6857426E+016
0.1650009E+003, 0.1527690E-003, 0.1974474E+03, 0.6706037E+016
0.1650009E+003, 0.1493647E-003, 0.1980486E+03, 0.6556597E+016
0.1650008E+003, 0.1460048E-003, 0.1986559E+03, 0.6409112E+016
0.1650008E+003, 0.1426896E-003, 0.1992695E+03, 0.6263586E+016
0.1650008E+003, 0.1394191E-003, 0.1998893E+03, 0.6120023E+016
0.1650008E+003, 0.1361934E-003, 0.2005154E+03, 0.5978428E+016
0.1650008E+003, 0.1330127E-003, 0.2011480E+03, 0.5838804E+016
0.1650008E+003, 0.1298769E-003, 0.2017870E+03, 0.5701152E+016
0.1650008E+003, 0.1267861E-003, 0.2024325E+03, 0.5565476E+016
0.1650008E+003, 0.1237403E-003, 0.2030847E+03, 0.5431777E+016
0.1650008E+003, 0.1207396E-003, 0.2037435E+03, 0.5300055E+016
0.1650008E+003, 0.1177839E-003, 0.2044090E+03, 0.5170311E+016
0.1650009E+003, 0.1148733E-003, 0.2050813E+03, 0.5042544E+016
0.1650009E+003, 0.1120077E-003, 0.2057605E+03, 0.4916753E+016
0.1650009E+003, 0.1091871E-003, 0.2064467E+03, 0.4792937E+016
0.1650009E+003, 0.1064114E-003, 0.2071398E+03, 0.4671094E+016
0.1650009E+003, 0.1036806E-003, 0.2078401E+03, 0.4551221E+016
0.1650010E+003, 0.1009946E-003, 0.2085475E+03, 0.4433313E+016
0.1650010E+003, 0.9835328E-004, 0.2092621E+03, 0.4317369E+016
0.1650010E+003, 0.9575658E-004, 0.2099840E+03, 0.4203382E+016
0.1650010E+003, 0.9320437E-004, 0.2107133E+03, 0.4091348E+016
0.1650011E+003, 0.9069652E-004, 0.2114500E+03, 0.3981261E+016
0.1650011E+003, 0.8823287E-004, 0.2121943E+03, 0.3873115E+016
0.1650011E+003, 0.8581329E-004, 0.2129462E+03, 0.3766903E+016
0.1650012E+003, 0.8343759E-004, 0.2137057E+03, 0.3662618E+016
0.1650012E+003, 0.8110559E-004, 0.2144731E+03, 0.3560250E+016
0.1650012E+003, 0.7881710E-004, 0.2152482E+03, 0.3459793E+016
0.1650013E+003, 0.7657190E-004, 0.2160313E+03, 0.3361236E+016
0.1650013E+003, 0.7436979E-004, 0.2168224E+03, 0.3264570E+016
0.1650014E+003, 0.7221051E-004, 0.2176216E+03, 0.3169785E+016
0.1650014E+003, 0.7009383E-004, 0.2184289E+03, 0.3076869E+016
0.1650015E+003, 0.6801949E-004, 0.2192445E+03, 0.2985812E+016
0.1650015E+003, 0.6598721E-004, 0.2200684E+03, 0.2896601E+016
0.1650015E+003, 0.6399672E-004, 0.2209007E+03, 0.2809225E+016
0.1650016E+003, 0.6204771E-004, 0.2217416E+03, 0.2723670E+016
0.1650016E+003, 0.6013989E-004, 0.2225910E+03, 0.2639923E+016
0.1650017E+003, 0.5827293E-004, 0.2234491E+03, 0.2557969E+016
0.1650018E+003, 0.5644650E-004, 0.2243160E+03, 0.2477795E+016
0.1650018E+003, 0.5466027E-004, 0.2251917E+03, 0.2399385E+016
0.1650019E+003, 0.5291389E-004, 0.2260764E+03, 0.2322724E+016
0.1650019E+003, 0.5120699E-004, 0.2269701E+03, 0.2247797E+016
0.1650020E+003, 0.4953920E-004, 0.2278729E+03, 0.2174587E+016
0.1650021E+003, 0.4791015E-004, 0.2287850E+03, 0.2103076E+016
0.1650021E+003, 0.4631943E-004, 0.2297064E+03, 0.2033249E+016
0.1650022E+003, 0.4476665E-004, 0.2306372E+03, 0.1965087E+016
0.1650023E+003, 0.4325140E-004, 0.2315775E+03, 0.1898572E+016
0.1650024E+003, 0.4177326E-004, 0.2325275E+03, 0.1833687E+016
0.1650024E+003, 0.4033180E-004, 0.2334871E+03, 0.1770411E+016
0.1650025E+003, 0.3892659E-004, 0.2344565E+03, 0.1708727E+016
0.1650026E+003, 0.3755717E-004, 0.2354359E+03, 0.1648614E+016
0.1650027E+003, 0.3622311E-004, 0.2364252E+03, 0.1590053E+016
0.1650028E+003, 0.3492394E-004, 0.2374247E+03, 0.1533024E+016
0.1650029E+003, 0.3365919E-004, 0.2384344E+03, 0.1477505E+016
0.1650030E+003, 0.3242839E-004, 0.2394544E+03, 0.1423477E+016
0.1650031E+003, 0.3123106E-004, 0.2404848E+03, 0.1370918E+016
0.1650032E+003, 0.3006672E-004, 0.2415257E+03, 0.1319807E+016
0.1650033E+003, 0.2893487E-004, 0.2425773E+03, 0.1270123E+016
0.1650034E+003, 0.2783501E-004, 0.2436396E+03, 0.1221843E+016
0.1650036E+003, 0.2676665E-004, 0.2447128E+03, 0.1174945E+016
0.1650037E+003, 0.2572928E-004, 0.2457969E+03, 0.1129408E+016
0.1650039E+003, 0.2472238E-004, 0.2468921E+03, 0.1085208E+016
0.1650040E+003, 0.2374544E-004, 0.2479985E+03, 0.1042324E+016
0.1650042E+003, 0.2279795E-004, 0.2491162E+03, 0.1000732E+016
0.1650043E+003, 0.2187937E-004, 0.2502454E+03, 0.9604095E+015
0.1650045E+003, 0.2098920E-004, 0.2513860E+03, 0.9213335E+015
0.1650047E+003, 0.2012689E-004, 0.2525384E+03, 0.8834809E+015
0.1650049E+003, 0.1929192E-004, 0.2537025E+03, 0.8468284E+015
0.1650051E+003, 0.1848375E-004, 0.2548785E+03, 0.8113527E+015
0.1650053E+003, 0.1770187E-004, 0.2560665E+03, 0.7770304E+015
0.1650056E+003, 0.1694573E-004, 0.2572666E+03, 0.7438382E+015
0.1650058E+003, 0.1621480E-004, 0.2584790E+03, 0.7117526E+015
0.1650061E+003, 0.1550854E-004, 0.2597038E+03, 0.6807502E+015
0.1650064E+003, 0.1482643E-004, 0.2609411E+03, 0.6508075E+015
0.1650068E+003, 0.1416793E-004, 0.2621911E+03, 0.6219013E+015
0.1650071E+003, 0.1353250E-004, 0.2634538E+03, 0.5940079E+015
0.1650075E+003, 0.1291962E-004, 0.2647294E+03, 0.5671043E+015
0.1650079E+003, 0.1232876E-004, 0.2660181E+03, 0.5411672E+015
0.1650084E+003, 0.1175939E-004, 0.2673199E+03, 0.5161734E+015
0.1650089E+003, 0.1121098E-004, 0.2686351E+03, 0.4920999E+015
0.1650094E+003, 0.1068302E-004, 0.2699636E+03, 0.4689237E+015
0.1650100E+003, 0.1017498E-004, 0.2713058E+03, 0.4466222E+015
0.1650107E+003, 0.9686356E-005, 0.2726616E+03, 0.4251726E+015
0.1650114E+003, 0.9216626E-005, 0.2740313E+03, 0.4045526E+015
0.1650122E+003, 0.8765287E-005, 0.2754150E+03, 0.3847397E+015
0.1650131E+003, 0.8331834E-005, 0.2768129E+03, 0.3657120E+015
0.1650140E+003, 0.7915770E-005, 0.2782250E+03, 0.3474475E+015
0.1650151E+003, 0.7516600E-005, 0.2796515E+03, 0.3299245E+015
0.1650164E+003, 0.7133836E-005, 0.2810927E+03, 0.3131216E+015
0.1650177E+003, 0.6766996E-005, 0.2825485E+03, 0.2970176E+015
0.1650193E+003, 0.6415602E-005, 0.2840193E+03, 0.2815916E+015
0.1650210E+003, 0.6079183E-005, 0.2855050E+03, 0.2668228E+015
0.1650229E+003, 0.5757275E-005, 0.2870059E+03, 0.2526908E+015
0.1650251E+003, 0.5449419E-005, 0.2885222E+03, 0.2391757E+015
0.1650276E+003, 0.5155165E-005, 0.2900540E+03, 0.2262574E+015
0.1650304E+003, 0.4874068E-005, 0.2916014E+03, 0.2139166E+015
0.1650336E+003, 0.4605690E-005, 0.2931646E+03, 0.2021339E+015
0.1650372E+003, 0.4349601E-005, 0.2947438E+03, 0.1908906E+015
0.1650413E+003, 0.4105380E-005, 0.2963392E+03, 0.1801680E+015
0.1650459E+003, 0.3872612E-005, 0.2979508E+03, 0.1699481E+015
0.1650511E+003, 0.3650889E-005, 0.2995789E+03, 0.1602128E+015
0.1650570E+003, 0.3439814E-005, 0.3012236E+03, 0.1509447E+015
0.1650636E+003, 0.3238995E-005, 0.3028852E+03, 0.1421267E+015
0.1650711E+003, 0.3048050E-005, 0.3045637E+03, 0.1337420E+015
0.1650794E+003, 0.2866604E-005, 0.3062594E+03, 0.1257742E+015
0.1650889E+003, 0.2694292E-005, 0.3079724E+03, 0.1182071E+015
0.1650997E+003, 0.2530757E-005, 0.3097029E+03, 0.1110251E+015
0.1651118E+003, 0.2375650E-005, 0.3114511E+03, 0.1042128E+015
0.1651252E+003, 0.2228631E-005, 0.3132171E+03, 0.9775560E+014
0.1651402E+003, 0.2089367E-005, 0.3150012E+03, 0.9163869E+014
0.1651570E+003, 0.1957537E-005, 0.3168035E+03, 0.8584794E+014
0.1651758E+003, 0.1832826E-005, 0.3186242E+03, 0.8036958E+014
0.1651966E+003, 0.1714927E-005, 0.3204636E+03, 0.7519023E+014
0.1652200E+003, 0.1603545E-005, 0.3223217E+03, 0.7029679E+014
0.1652458E+003, 0.1498391E-005, 0.3241988E+03, 0.6567675E+014
0.1652744E+003, 0.1399185E-005, 0.3260951E+03, 0.6131777E+014
0.1653062E+003, 0.1305655E-005, 0.3280108E+03, 0.5720794E+014
0.1653413E+003, 0.1217540E-005, 0.3299460E+03, 0.5333580E+014
0.1653798E+003, 0.1134584E-005, 0.3319010E+03, 0.4969021E+014
0.1654222E+003, 0.1056541E-005, 0.3338760E+03, 0.4626041E+014
0.1654687E+003, 0.9831739E-006, 0.3358712E+03, 0.4303595E+014
0.1655197E+003, 0.9142528E-006, 0.3378868E+03, 0.4000676E+014
0.1655759E+003, 0.8495560E-006, 0.3399229E+03, 0.3716309E+014
0.1656384E+003, 0.7888703E-006, 0.3419799E+03, 0.3449542E+014
0.1657068E+003, 0.7319900E-006, 0.3440578E+03, 0.3199498E+014
0.1657814E+003, 0.6787171E-006, 0.3461570E+03, 0.2965308E+014
0.1658622E+003, 0.6288611E-006, 0.3482777E+03, 0.2746150E+014
0.1659487E+003, 0.5822385E-006, 0.3504200E+03, 0.2541230E+014
0.1660413E+003, 0.5386735E-006, 0.3525842E+03, 0.2349775E+014
0.1661414E+003, 0.4979973E-006, 0.3547706E+03, 0.2171031E+014
0.1662487E+003, 0.4600484E-006, 0.3569792E+03, 0.2004297E+014
0.1663646E+003, 0.4246720E-006, 0.3592105E+03, 0.1848884E+014
0.1664896E+003, 0.3917205E-006, 0.3614645E+03, 0.1704143E+014
0.1666244E+003, 0.3610523E-006, 0.3637415E+03, 0.1569453E+014
0.1667707E+003, 0.3325328E-006, 0.3660419E+03, 0.1444214E+014
0.1669311E+003, 0.3060335E-006, 0.3683657E+03, 0.1327849E+014
0.1671091E+003, 0.2814323E-006, 0.3707133E+03, 0.1219806E+014
0.1673109E+003, 0.2586132E-006, 0.3730848E+03, 0.1119550E+014
0.1675465E+003, 0.2374667E-006, 0.3754806E+03, 0.1026560E+014
0.1678307E+003, 0.2178894E-006, 0.3779009E+03, 0.9403325E+013
0.1681855E+003, 0.1997842E-006, 0.3803459E+03, 0.8603783E+013
0.1686432E+003, 0.1830603E-006, 0.3828159E+03, 0.7862165E+013
0.1692496E+003, 0.1676336E-006, 0.3853111E+03, 0.7173817E+013
0.1700687E+003, 0.1534262E-006, 0.3878318E+03, 0.6534194E+013
0.1711844E+003, 0.1403668E-006, 0.3903783E+03, 0.5939050E+013
0.1726974E+003, 0.1283897E-006, 0.3929508E+03, 0.5384697E+013
0.1747178E+003, 0.1174341E-006, 0.3955495E+03, 0.4868262E+013
0.1773496E+003, 0.1074418E-006, 0.3981749E+03, 0.4387932E+013
0.1806759E+003, 0.9835560E-007, 0.4008270E+03, 0.3942901E+013
0.1847478E+003, 0.9011743E-007, 0.4035063E+03, 0.3533023E+013
0.1895829E+003, 0.8266741E-007, 0.4062129E+03, 0.3158290E+013
0.1951675E+003, 0.7594406E-007, 0.4089472E+03, 0.2818404E+013
0.2014654E+003, 0.6988516E-007, 0.4117094E+03, 0.2512473E+013
0.2084268E+003, 0.6442915E-007, 0.4144998E+03, 0.2238957E+013
0.2159942E+003, 0.5951650E-007, 0.4173188E+03, 0.1995778E+013
0.2241091E+003, 0.5509090E-007, 0.4201665E+03, 0.1780481E+013
0.2327117E+003, 0.5110009E-007, 0.4230434E+03, 0.1590451E+013
0.2417466E+003, 0.4749626E-007, 0.4259496E+03, 0.1423036E+013
0.2511612E+003, 0.4423624E-007, 0.4288856E+03, 0.1275682E+013
0.2609053E+003, 0.4128137E-007, 0.4318515E+03, 0.1146009E+013
0.2709332E+003, 0.3859732E-007, 0.4348478E+03, 0.1031839E+013
0.2812035E+003, 0.3615372E-007, 0.4378746E+03, 0.9312132E+012
0.2916774E+003, 0.3392381E-007, 0.4409324E+03, 0.8424007E+012
0.3023204E+003, 0.3188409E-007, 0.4440214E+03, 0.7638770E+012
0.3131011E+003, 0.3001391E-007, 0.4471420E+03, 0.6943122E+012
0.3239919E+003, 0.2829516E-007, 0.4502945E+03, 0.6325501E+012
0.3349683E+003, 0.2671197E-007, 0.4534792E+03, 0.5775892E+012
0.3460082E+003, 0.2525037E-007, 0.4566964E+03, 0.5285648E+012
0.3570922E+003, 0.2389812E-007, 0.4599465E+03, 0.4847303E+012
0.3682031E+003, 0.2264441E-007, 0.4632298E+03, 0.4454412E+012
0.3793255E+003, 0.2147973E-007, 0.4665467E+03, 0.4101415E+012
0.3904462E+003, 0.2039568E-007, 0.4698974E+03, 0.3783500E+012
0.4015537E+003, 0.1938481E-007, 0.4732824E+03, 0.3496510E+012
0.4126372E+003, 0.1844052E-007, 0.4767020E+03, 0.3236843E+012
0.4236877E+003, 0.1755695E-007, 0.4801565E+03, 0.3001373E+012
0.4346967E+003, 0.1672886E-007, 0.4836463E+03, 0.2787384E+012
0.4456566E+003, 0.1595158E-007, 0.4871718E+03, 0.2592509E+012
0.4565606E+003, 0.1522094E-007, 0.4907333E+03, 0.2414682E+012
0.4674029E+003, 0.1453318E-007, 0.4943311E+03, 0.2252092E+012
0.4781785E+003, 0.1388493E-007, 0.4979658E+03, 0.2103152E+012
0.4888823E+003, 0.1327316E-007, 0.5016376E+03, 0.1966468E+012
0.4995102E+003, 0.1269512E-007, 0.5053468E+03, 0.1840811E+012
0.5100583E+003, 0.1214832E-007, 0.5090940E+03, 0.1725096E+012
0.5205227E+003, 0.1163053E-007, 0.5128795E+03, 0.1618366E+012
0.5308995E+003, 0.1113969E-007, 0.5167037E+03, 0.1519769E+012
0.5411852E+003, 0.1067395E-007, 0.5205669E+03, 0.1428552E+012
0.5513765E+003, 0.1023160E-007, 0.5244696E+03, 0.1344040E+012
0.5614707E+003, 0.9811093E-008, 0.5284122E+03, 0.1265631E+012
0.5714652E+003, 0.9411015E-008, 0.5323950E+03, 0.1192789E+012
0.5813574E+003, 0.9030062E-008, 0.5364186E+03, 0.1125031E+012
0.5911446E+003, 0.8667038E-008, 0.5404833E+03, 0.1061925E+012
0.6008244E+003, 0.8320844E-008, 0.5445895E+03, 0.1003083E+012
0.6103944E+003, 0.7990468E-008, 0.5487376E+03, 0.9481532E+011
0.6198520E+003, 0.7674974E-008, 0.5529282E+03, 0.8968210E+011
0.6291949E+003, 0.7373500E-008, 0.5571615E+03, 0.8488001E+011
0.6384211E+003, 0.7085246E-008, 0.5614381E+03, 0.8038308E+011
0.6475289E+003, 0.6809473E-008, 0.5657584E+03, 0.7616776E+011
0.6565167E+003, 0.6545492E-008, 0.5701229E+03, 0.7221267E+011
0.6653831E+003, 0.6292667E-008, 0.5745319E+03, 0.6849832E+011
0.6741259E+003, 0.6050405E-008, 0.5789860E+03, 0.6500703E+011
0.6827431E+003, 0.5818152E-008, 0.5834856E+03, 0.6172266E+011
0.6912334E+003, 0.5595394E-008, 0.5880312E+03, 0.5863039E+011
0.6995951E+003, 0.5381649E-008, 0.5926232E+03, 0.5571672E+011
0.7078270E+003, 0.5176469E-008, 0.5972622E+03, 0.5296920E+011
0.7159282E+003, 0.4979433E-008, 0.6019485E+03, 0.5037642E+011
0.7238974E+003, 0.4790148E-008, 0.6066828E+03, 0.4792795E+011
0.7317336E+003, 0.4608245E-008, 0.6114654E+03, 0.4561414E+011
0.7394357E+003, 0.4433378E-008, 0.6162968E+03, 0.4342614E+011
0.7470027E+003, 0.4265222E-008, 0.6211777E+03, 0.4135579E+011
0.7544338E+003, 0.4103472E-008, 0.6261084E+03, 0.3939555E+011
0.7617280E+003, 0.3947840E-008, 0.6310894E+03, 0.3753846E+011
0.7688846E+003, 0.3798055E-008, 0.6361214E+03, 0.3577808E+011
0.7759027E+003, 0.3653863E-008, 0.6412048E+03, 0.3410844E+011
0.7827820E+003, 0.3515022E-008, 0.6463401E+03, 0.3252401E+011
0.7895219E+003, 0.3381306E-008, 0.6515279E+03, 0.3101967E+011
0.7961221E+003, 0.3252499E-008, 0.6567688E+03, 0.2959064E+011
0.8025820E+003, 0.3128398E-008, 0.6620631E+03, 0.2823251E+011
0.8089014E+003, 0.3008812E-008, 0.6674116E+03, 0.2694116E+011
0.8150802E+003, 0.2893557E-008, 0.6728147E+03, 0.2571275E+011
0.8211181E+003, 0.2782462E-008, 0.6782730E+03, 0.2454372E+011
0.8270148E+003, 0.2675362E-008, 0.6837871E+03, 0.2343075E+011
0.8327703E+003, 0.2572102E-008, 0.6893575E+03, 0.2237071E+011
0.8383847E+003, 0.2472534E-008, 0.6949848E+03, 0.2136072E+011
0.8438576E+003, 0.2376518E-008, 0.7006696E+03, 0.2039806E+011
0.8491888E+003, 0.2283920E-008, 0.7064126E+03, 0.1948021E+011
0.8543788E+003, 0.2194612E-008, 0.7122142E+03, 0.1860477E+011
0.8594277E+003, 0.2108474E-008, 0.7180750E+03, 0.1776952E+011
0.8643357E+003, 0.2025389E-008, 0.7239958E+03, 0.1697238E+011
0.8691026E+003, 0.1945246E-008, 0.7299771E+03, 0.1621140E+011
0.8737289E+003, 0.1867942E-008, 0.7360194E+03, 0.1548473E+011
0.8782149E+003, 0.1793374E-008, 0.7421235E+03, 0.1479064E+011
0.8825608E+003, 0.1721446E-008, 0.7482900E+03, 0.1412751E+011
0.8867670E+003, 0.1652067E-008, 0.7545195E+03, 0.1349382E+011
0.8908336E+003, 0.1585148E-008, 0.7608126E+03, 0.1288814E+011
0.8947612E+003, 0.1520604E-008, 0.7671701E+03, 0.1230909E+011
0.8985503E+003, 0.1458355E-008, 0.7735925E+03, 0.1175541E+011
0.9022013E+003, 0.1398322E-008, 0.7800805E+03, 0.1122589E+011
0.9057148E+003, 0.1340432E-008, 0.7866348E+03, 0.1071939E+011
0.9090909E+003, 0.1284611E-008, 0.7932561E+03, 0.1023485E+011
0.9123302E+003, 0.1230793E-008, 0.7999450E+03, 0.9771241E+010
0.9154330E+003, 0.1178909E-008, 0.8067023E+03, 0.9327617E+010
0.9184003E+003, 0.1128898E-008, 0.8135286E+03, 0.8903062E+010
0.9212325E+003, 0.1080696E-008, 0.8204246E+03, 0.8496718E+010
0.9239303E+003, 0.1034246E-008, 0.8273912E+03, 0.8107771E+010
0.9264944E+003, 0.9894900E-009, 0.8344289E+03, 0.7735448E+010
0.9289257E+003, 0.9463736E-009, 0.8415385E+03, 0.7379017E+010
0.9312246E+003, 0.9048438E-009, 0.8487207E+03, 0.7037786E+010
0.9333921E+003, 0.8648495E-009, 0.8559764E+03, 0.6711094E+010
0.9354290E+003, 0.8263413E-009, 0.8633062E+03, 0.6398313E+010
0.9373362E+003, 0.7892716E-009, 0.8707108E+03, 0.6098850E+010
0.9391148E+003, 0.7535944E-009, 0.8781912E+03, 0.5812137E+010
0.9407659E+003, 0.7192651E-009, 0.8857479E+03, 0.5537634E+010
0.9422906E+003, 0.6862407E-009, 0.8933819E+03, 0.5274830E+010
0.9436900E+003, 0.6544795E-009, 0.9010939E+03, 0.5023236E+010
0.9449655E+003, 0.6239411E-009, 0.9088846E+03, 0.4782385E+010
0.9461181E+003, 0.5945864E-009, 0.9167550E+03, 0.4551835E+010
0.9471494E+003, 0.5663776E-009, 0.9247058E+03, 0.4331163E+010
0.9480605E+003, 0.5392779E-009, 0.9327378E+03, 0.4119964E+010
0.9488530E+003, 0.5132516E-009, 0.9408519E+03, 0.3917855E+010
0.9495284E+003, 0.4882643E-009, 0.9490489E+03, 0.3724465E+010
0.9500885E+003, 0.4642823E-009, 0.9573297E+03, 0.3539443E+010
0.9505349E+003, 0.4412732E-009, 0.9656951E+03, 0.3362454E+010
0.9508694E+003, 0.4192052E-009, 0.9741459E+03, 0.3193175E+010
0.9510941E+003, 0.3980478E-009, 0.9826831E+03, 0.3031298E+010
0.9512109E+003, 0.3777709E-009, 0.9913075E+03, 0.2876528E+010
0.9512219E+003, 0.3583457E-009, 0.1000020E+04, 0.2728583E+010
0.9511293E+003, 0.3397438E-009, 0.1008822E+04, 0.2587193E+010
0.9509350E+003, 0.3219379E-009, 0.1017713E+04, 0.2452100E+010
0.9506415E+003, 0.3049013E-009, 0.1026695E+04, 0.2323054E+010
0.9502509E+003, 0.2886079E-009, 0.1035770E+04, 0.2199818E+010
0.9497656E+003, 0.2730325E-009, 0.1044936E+04, 0.2082163E+010
0.9491882E+003, 0.2581505E-009, 0.1054197E+04, 0.1969870E+010
0.9485212E+003, 0.2439380E-009, 0.1063552E+04, 0.1862727E+010
0.9477673E+003, 0.2303715E-009, 0.1073003E+04, 0.1760532E+010
0.9469291E+003, 0.2174283E-009, 0.1082550E+04, 0.1663089E+010
0.9460095E+003, 0.2050864E-009, 0.1092195E+04, 0.1570212E+010
0.9450112E+003, 0.1933242E-009, 0.1101938E+04, 0.1481720E+010
0.9439373E+003, 0.1821207E-009, 0.1111781E+04, 0.1397440E+010
0.9427907E+003, 0.1714555E-009, 0.1121725E+04, 0.1317204E+010
0.9415745E+003, 0.1613085E-009, 0.1131770E+04, 0.1240851E+010
0.9402918E+003, 0.1516605E-009, 0.1141917E+04, 0.1168225E+010
0.9389458E+003, 0.1424925E-009, 0.1152169E+04, 0.1099179E+010
0.9375398E+003, 0.1337861E-009, 0.1162525E+04, 0.1033566E+010
0.9360772E+003, 0.1255234E-009, 0.1172987E+04, 0.9712474E+009
0.9345612E+003, 0.1176870E-009, 0.1183556E+04, 0.9120896E+009
0.9329954E+003, 0.1102598E-009, 0.1194233E+04, 0.8559623E+009
0.9313833E+003, 0.1032254E-009, 0.1205019E+04, 0.8027403E+009
0.9297284E+003, 0.9656769E-010, 0.1215915E+04, 0.7523027E+009
0.9280343E+003, 0.9027100E-010, 0.1226922E+04, 0.7045326E+009
0.9263048E+003, 0.8432013E-010, 0.1238042E+04, 0.6593170E+009
0.9245434E+003, 0.7870031E-010, 0.1249276E+04, 0.6165468E+009
0.9227541E+003, 0.7339717E-010, 0.1260624E+04, 0.5761164E+009
0.9209406E+003, 0.6839677E-010, 0.1272088E+04, 0.5379239E+009
0.9191068E+003, 0.6368557E-010, 0.1283670E+04, 0.5018708E+009
0.9172566E+003, 0.5925043E-010, 0.1295370E+04, 0.4678617E+009
0.9153939E+003, 0.5507861E-010, 0.1307189E+04, 0.4358046E+009
0.9135227E+003, 0.5115776E-010, 0.1319129E+04, 0.4056104E+009
0.9116469E+003, 0.4747593E-010, 0.1331191E+04, 0.3771931E+009
0.9097705E+003, 0.4402153E-010, 0.1343376E+04, 0.3504695E+009
0.9078977E+003, 0.4078338E-010, 0.1355686E+04, 0.3253593E+009
0.9060324E+003, 0.3775064E-010, 0.1368122E+04, 0.3017849E+009
0.9041789E+003, 0.3491286E-010, 0.1380684E+04, 0.2796714E+009
0.9023411E+003, 0.3225995E-010, 0.1393376E+04, 0.2589464E+009
0.9005234E+003, 0.2978218E-010, 0.1406196E+04, 0.2395402E+009
0.8987298E+003, 0.2747018E-010, 0.1419148E+04, 0.2213855E+009
0.8969646E+003, 0.2531491E-010, 0.1432232E+04, 0.2044174E+009
0.8952320E+003, 0.2330770E-010, 0.1445450E+04, 0.1885735E+009
0.8935362E+003, 0.2144020E-010, 0.1458802E+04, 0.1737935E+009
0.8918816E+003, 0.1970442E-010, 0.1472292E+04, 0.1600197E+009
0.8902723E+003, 0.1809268E-010, 0.1485919E+04, 0.1471963E+009
0.8887128E+003, 0.1659761E-010, 0.1499685E+04, 0.1352699E+009
0.8872074E+003, 0.1521220E-010, 0.1513592E+04, 0.1241892E+009
0.8857605E+003, 0.1392971E-010, 0.1527641E+04, 0.1139049E+009
0.8843768E+003, 0.1274372E-010, 0.1541833E+04, 0.1043700E+009
0.8830608E+003, 0.1164812E-010, 0.1556171E+04, 0.9553930E+008
0.8818171E+003, 0.1063707E-010, 0.1570655E+04, 0.8736961E+008
0.8806505E+003, 0.9705034E-011, 0.1585287E+04, 0.7981974E+008
0.8795657E+003, 0.8846740E-011, 0.1600069E+04, 0.7285038E+008
0.8785676E+003, 0.8057192E-011, 0.1615001E+04, 0.6642406E+008
0.8776610E+003, 0.7331655E-011, 0.1630087E+04, 0.6050511E+008
0.8768509E+003, 0.6665648E-011, 0.1645326E+04, 0.5505966E+008
0.8761422E+003, 0.6054936E-011, 0.1660721E+04, 0.5005551E+008
0.8755398E+003, 0.5495523E-011, 0.1676273E+04, 0.4546215E+008
0.8750489E+003, 0.4983643E-011, 0.1691985E+04, 0.4125072E+008
0.8746744E+003, 0.4515753E-011, 0.1707856E+04, 0.3739389E+008
0.8743511E+003, 0.4087878E-011, 0.1723890E+04, 0.3386327E+008
0.8741988E+003, 0.3694804E-011, 0.1740088E+04, 0.3061245E+008
0.8741988E+003, 0.3692963E-011, 0.1756451E+04, 0.3059720E+008
0.8741988E+003, 0.3334466E-011, 0.1772982E+04, 0.2762695E+008